City,Lat,Lng,Max Temp,Humidity,Cloudiness,Wind Speed,Country
tugulym,57.0591,64.6425,66.27,90.0,41.0,2.06,RU
kodiak,57.79,-152.4072,58.51,82.0,1.0,4.61,US
tuktoyaktuk,69.4541,-133.0374,60.8,77.0,75.0,8.05,CA
avarua,-21.2078,-159.775,75.25,83.0,20.0,6.91,CK
puerto leguizamo,-0.1934,-74.7819,75.43,88.0,98.0,2.68,CO
port alfred,-33.5906,26.891,62.82,77.0,0.0,10.07,ZA
ushuaia,-54.8,-68.3,44.26,70.0,20.0,1.14,AR
nkhata bay,-11.6066,34.2907,67.15,71.0,8.0,3.56,MW
albany,42.6001,-73.9662,79.81,83.0,96.0,5.46,US
jacmel,18.2342,-72.5347,87.78,62.0,92.0,8.68,HT
port hardy,50.6996,-127.4199,57.38,82.0,75.0,3.44,CA
barentsburg,,,,,,,
gizo,-8.103,156.8419,81.05,79.0,77.0,9.04,SB
kaitangata,-46.2817,169.8464,38.89,92.0,45.0,5.08,NZ
vardo,70.3705,31.1107,49.75,87.0,75.0,5.75,NO
kapaa,22.0752,-159.319,77.32,84.0,75.0,5.01,US
taolanaro,,,,,,,
tumannyy,,,,,,,
cape town,-33.9258,18.4232,55.11,89.0,90.0,3.0,ZA
butaritari,3.0707,172.7902,82.8,71.0,100.0,7.16,KI
yellowknife,62.456,-114.3525,68.29,63.0,75.0,4.61,CA
kieta,-6.2167,155.6333,76.6,92.0,100.0,3.49,PG
puerto ayora,-0.7393,-90.3518,76.96,94.0,96.0,7.0,EC
punta arenas,-53.15,-70.9167,44.71,70.0,40.0,17.27,CL
qaanaaq,77.484,-69.3632,37.85,86.0,44.0,3.11,GL
lolua,,,,,,,
dunedin,-45.8742,170.5036,41.81,89.0,11.0,4.97,NZ
samarai,-10.6167,150.6667,78.69,80.0,98.0,15.79,PG
fare,-16.7,-151.0167,78.85,75.0,100.0,24.9,PF
attawapiskat,,,,,,,
mount gambier,-37.8333,140.7667,50.5,92.0,74.0,12.86,AU
vaini,-21.2,-175.2,68.16,100.0,20.0,2.3,TO
ilulissat,69.2167,-51.1,46.0,82.0,100.0,5.12,GL
jamestown,42.097,-79.2353,80.29,63.0,40.0,3.0,US
omaruru,-21.4333,15.9333,66.13,23.0,34.0,8.03,NA
atuona,-9.8,-139.0333,77.74,68.0,24.0,25.84,PF
upernavik,72.7868,-56.1549,39.88,85.0,100.0,8.05,GL
ancud,-41.8697,-73.8203,51.33,95.0,100.0,7.27,CL
palu,-0.8917,119.8707,75.61,96.0,49.0,3.06,ID
borogontsy,62.6683,131.1683,66.49,71.0,78.0,3.51,RU
coruripe,-10.1256,-36.1756,78.8,75.0,33.0,10.36,BR
bluff,-46.6,168.3333,38.8,88.0,61.0,10.96,NZ
tasiilaq,65.6145,-37.6368,39.34,90.0,100.0,9.57,GL
rikitea,-23.1203,-134.9692,69.85,66.0,98.0,25.17,PF
manokwari,-0.8667,134.0833,78.96,81.0,100.0,6.6,ID
tsihombe,,,,,,,
talaya,61.3833,152.75,39.9,87.0,76.0,2.1,RU
gejiu,23.306,103.1635,57.15,97.0,100.0,1.25,CN
mar del plata,-38.0023,-57.5575,52.88,64.0,0.0,4.0,AR
hermanus,-34.4187,19.2345,52.9,83.0,99.0,10.25,ZA
kifri,34.6959,44.9661,106.86,9.0,0.0,13.22,IQ
carnarvon,-24.8667,113.6333,55.47,61.0,4.0,5.75,AU
amderma,,,,,,,
ribeira grande,38.5167,-28.7,75.6,78.0,40.0,13.8,PT
arraial do cabo,-22.9661,-42.0278,69.66,60.0,75.0,11.5,BR
mataura,-46.1927,168.8643,38.48,97.0,56.0,2.73,NZ
chuy,-33.6971,-53.4616,52.48,72.0,99.0,13.24,UY
shaki,41.0833,47.1667,90.39,35.0,2.0,7.43,AZ
saint-philippe,-21.3585,55.7679,71.19,81.0,47.0,17.56,RE
barrow,71.2906,-156.7887,39.22,93.0,90.0,8.05,US
ngukurr,,,,,,,
victoria,22.2855,114.1577,81.32,92.0,100.0,1.01,HK
shingu,33.7333,135.9833,76.91,94.0,26.0,3.76,JP
kloulklubed,7.0419,134.2556,81.21,79.0,93.0,4.97,PW
belmonte,-15.8631,-38.8828,81.1,68.0,33.0,8.28,BR
wanaka,-44.7,169.15,33.96,92.0,28.0,2.98,NZ
yanan,,,,,,,
umzimvubu,,,,,,,
redlands,34.0556,-117.1825,98.44,31.0,0.0,1.99,US
mezen,65.8522,44.24,54.7,70.0,88.0,7.38,RU
bluefields,12.0137,-83.7635,84.27,89.0,40.0,4.61,NI
hamilton,39.1834,-84.5333,84.99,58.0,1.0,1.99,US
sena madureira,-9.0656,-68.6569,84.45,34.0,6.0,6.13,BR
nakhon si thammarat,8.25,100.0,78.6,82.0,97.0,6.67,TH
longlac,,,,,,,
severo-kurilsk,50.6789,156.125,49.93,96.0,96.0,8.79,RU
itamaraca,-7.7478,-34.8256,81.28,74.0,34.0,11.95,BR
henties bay,-22.116,14.2845,59.86,65.0,1.0,4.94,NA
srednekolymsk,67.45,153.6833,53.87,52.0,100.0,8.19,RU
itoman,26.1247,127.6694,80.62,89.0,75.0,6.91,JP
husavik,66.0449,-17.3389,53.51,85.0,78.0,7.45,IS
byron bay,-28.65,153.6167,49.87,69.0,0.0,11.1,AU
norman wells,65.282,-126.8329,68.04,73.0,40.0,8.05,CA
pochutla,15.7432,-96.4661,91.81,54.0,19.0,6.29,MX
palafrugell,41.9174,3.1631,95.54,59.0,0.0,1.99,ES
porosozero,62.7191,32.727,64.87,48.0,46.0,3.27,RU
aksarka,66.5606,67.7975,61.79,67.0,74.0,6.96,RU
gohand,25.7,79.55,88.43,63.0,100.0,7.72,IN
sambava,-14.2667,50.1667,72.21,84.0,95.0,8.97,MG
busselton,-33.65,115.3333,52.09,83.0,92.0,11.34,AU
bargal,,,,,,,
tambacounda,13.7539,-13.7586,95.54,43.0,83.0,5.82,SN
sao jose da coroa grande,-8.8978,-35.1478,79.14,75.0,51.0,11.34,BR
vostok,46.4856,135.8833,67.68,82.0,57.0,3.04,RU
broken hill,-31.95,141.4333,46.96,60.0,21.0,12.1,AU
kassala,15.451,36.4,87.31,52.0,99.0,6.26,SD
san vicente,-26.6167,-54.1333,55.83,37.0,14.0,3.36,AR
castro,-24.7911,-50.0119,52.86,44.0,1.0,7.78,BR
rocky mountain house,52.3668,-114.9188,63.82,78.0,95.0,5.95,CA
khatanga,71.9667,102.5,57.76,62.0,97.0,1.25,RU
imbituba,-28.24,-48.6703,62.02,46.0,0.0,14.32,BR
barawe,,,,,,,
mahebourg,-20.4081,57.7,70.25,77.0,44.0,21.94,MU
karkaralinsk,,,,,,,
tatarskaya kargala,51.9495,55.1731,78.82,41.0,50.0,7.72,RU
kadykchan,,,,,,,
dujuma,,,,,,,
thompson,55.7435,-97.8558,72.3,32.0,64.0,0.11,CA
rio grande,-32.035,-52.0986,55.51,69.0,88.0,21.21,BR
agadez,19.75,10.25,104.05,10.0,100.0,7.02,NE
kaniama,-7.5667,24.1833,75.72,28.0,14.0,2.86,CD
sao joao da barra,-21.6403,-41.0511,69.87,71.0,100.0,11.72,BR
noumea,-22.2763,166.4572,62.58,77.0,77.0,6.71,NC
kawalu,-7.3817,108.2082,72.16,98.0,65.0,1.21,ID
narsaq,60.9167,-46.05,52.02,98.0,100.0,3.13,GL
lorengau,-2.0226,147.2712,80.46,80.0,89.0,4.38,PG
guerrero negro,27.9769,-114.0611,78.71,60.0,5.0,11.61,MX
hilo,19.7297,-155.09,72.81,94.0,90.0,5.75,US
hithadhoo,-0.6,73.0833,82.94,68.0,99.0,4.56,MV
ponta do sol,32.6667,-17.1,79.0,78.0,2.0,4.56,PT
kamenskoye,,,,,,,
yerbogachen,61.2767,108.0108,62.56,57.0,88.0,2.91,RU
pathalgaon,22.5667,83.4667,83.21,65.0,100.0,2.93,IN
lata,40.1629,-8.3327,81.05,55.0,0.0,10.2,PT
thinadhoo,0.5333,72.9333,83.16,71.0,100.0,7.02,MV
sur,22.5667,59.5289,90.45,59.0,50.0,14.09,OM
waiuku,-37.25,174.75,52.66,93.0,30.0,5.28,NZ
dikson,73.5069,80.5464,38.55,78.0,1.0,7.83,RU
saskylakh,71.9167,114.0833,49.35,95.0,99.0,10.85,RU
coihaique,-45.5752,-72.0662,43.34,98.0,100.0,5.48,CL
cayenne,4.9333,-52.3333,82.44,84.0,75.0,1.01,GF
cabo san lucas,22.8909,-109.9124,95.61,66.0,70.0,7.94,MX
weligama,5.9667,80.4167,80.26,84.0,98.0,13.51,LK
mys shmidta,,,,,,,
bonavista,48.6499,-53.1147,67.12,71.0,91.0,13.49,CA
sisimiut,66.9395,-53.6735,43.18,85.0,100.0,19.44,GL
lensk,60.7253,114.9278,59.38,86.0,100.0,2.28,RU
lebu,-37.6167,-73.65,55.62,70.0,56.0,14.29,CL
talnakh,69.4865,88.3972,49.91,77.0,40.0,5.79,RU
belushya guba,,,,,,,
buluang,13.3068,123.3425,79.0,90.0,100.0,10.29,PH
vaitupu,,,,,,,
bredasdorp,-34.5322,20.0403,52.29,81.0,99.0,11.16,ZA
pangnirtung,66.1451,-65.7125,42.71,95.0,100.0,3.2,CA
khislavichi,54.1871,32.1582,71.31,80.0,98.0,4.81,RU
saint-pierre,-21.3393,55.4781,71.28,80.0,75.0,23.02,RE
kazachinskoye,57.6953,93.2761,56.05,92.0,13.0,0.29,RU
bo phloi,14.3236,99.5161,80.31,81.0,100.0,11.65,TH
longyearbyen,78.2186,15.6401,44.44,70.0,75.0,8.05,SJ
canmore,51.0834,-115.3521,65.25,25.0,0.0,2.19,CA
appingedam,53.3217,6.8583,68.22,71.0,6.0,4.0,NL
kahului,20.8947,-156.47,76.84,91.0,35.0,15.01,US
illoqqortoormiut,,,,,,,
salalah,17.0151,54.0924,78.24,90.0,67.0,5.32,OM
grand river south east,,,,,,,
coahuayana,18.7333,-103.6833,89.76,55.0,44.0,2.17,MX
cabedelo,-6.9811,-34.8339,79.88,76.0,25.0,15.05,BR
chokurdakh,70.6333,147.9167,54.7,51.0,100.0,9.86,RU
nanortalik,60.1432,-45.2371,43.81,99.0,100.0,5.64,GL
tuatapere,-46.1333,167.6833,38.82,92.0,28.0,5.1,NZ
tecolutla,20.4833,-97.0167,84.09,67.0,8.0,6.04,MX
petropavlovsk-kamchatskiy,53.0452,158.6483,51.37,97.0,100.0,0.85,RU
karakol,42.4907,78.3936,59.05,51.0,18.0,4.83,KG
tubuala,9.5167,-79.0333,79.0,75.0,94.0,6.49,PA
qasigiannguit,68.8193,-51.1922,48.45,82.0,100.0,3.89,GL
fortuna,40.5982,-124.1573,56.66,65.0,68.0,6.44,US
pevek,69.7008,170.3133,38.08,90.0,97.0,5.55,RU
skagastrond,,,,,,,
mizdah,31.4451,12.9801,89.26,20.0,0.0,12.97,LY
shenjiamen,29.9576,122.298,79.3,92.0,13.0,9.44,CN
mandan,46.8267,-100.8896,93.18,51.0,1.0,10.36,US
svetlaya,46.5389,138.3297,67.1,86.0,84.0,2.04,RU
mitsamiouli,-11.3847,43.2844,78.03,74.0,44.0,13.85,KM
mastic beach,40.7668,-72.8521,77.4,78.0,100.0,1.01,US
avera,33.194,-82.5271,83.93,65.0,100.0,6.73,US
lompoc,34.6391,-120.4579,86.22,54.0,0.0,4.07,US
sentyabrskiy,,,,,,,
waingapu,-9.6567,120.2641,73.58,85.0,43.0,5.26,ID
tete,-16.1564,33.5867,75.29,38.0,75.0,6.91,MZ
seymchan,62.8833,152.4333,45.77,69.0,73.0,4.92,RU
alofi,-19.0595,-169.9187,77.02,76.0,6.0,16.91,NU
sompeta,18.9333,84.6,83.41,85.0,100.0,12.68,IN
naze,28.3667,129.4833,77.85,89.0,100.0,24.85,JP
grand gaube,-20.0064,57.6608,70.38,78.0,29.0,5.99,MU
finschhafen,-6.6024,147.8681,77.83,84.0,99.0,7.14,PG
myitkyina,25.3833,97.4,78.19,96.0,59.0,1.14,MM
ahipara,-35.1667,173.1667,53.87,76.0,23.0,9.31,NZ
wum,6.3833,10.0667,69.53,93.0,52.0,1.9,CM
airai,-8.9266,125.4092,55.69,82.0,35.0,3.36,TL
nishihara,26.1842,127.7558,79.88,89.0,75.0,6.91,JP
ust-kamchatsk,,,,,,,
estreito,-5.7833,-43.25,100.36,23.0,11.0,3.67,BR
hobart,-42.8794,147.3294,50.25,78.0,90.0,3.0,AU
beatrice,40.2681,-96.747,82.0,61.0,40.0,6.91,US
saldanha,-33.0117,17.9442,55.87,82.0,96.0,24.58,ZA
ilfracombe,51.2093,-4.1134,84.52,74.0,0.0,4.74,GB
tateyama,34.9833,139.8667,81.01,85.0,0.0,7.09,JP
san patricio,28.017,-97.5169,92.88,52.0,21.0,1.9,US
grants,35.1473,-107.8514,79.03,41.0,1.0,12.66,US
hailey,43.5196,-114.3153,73.26,38.0,90.0,6.91,US
cherskiy,68.75,161.3,46.87,67.0,9.0,6.2,RU
puerto narino,-3.7703,-70.3831,86.54,56.0,42.0,5.75,CO
puerto baquerizo moreno,-0.9,-89.6,71.96,86.0,100.0,11.74,EC
iqaluit,63.7506,-68.5145,38.3,82.0,97.0,7.67,CA
andevoranto,,,,,,,
saleaula,,,,,,,
nyurba,63.2842,118.3319,57.47,93.0,98.0,5.44,RU
blakstad,59.8191,10.4645,73.72,14.0,89.0,12.06,NO
college,64.8569,-147.8028,62.91,70.0,33.0,3.0,US
takanabe,32.1333,131.5,75.2,94.0,100.0,7.05,JP
leshukonskoye,64.8989,45.7622,60.67,60.0,99.0,3.09,RU
miramar,25.9873,-80.2323,92.01,69.0,20.0,11.5,US
neuquen,-38.9516,-68.0591,57.49,20.0,98.0,10.07,AR
copandaro,,,,,,,
kavieng,-2.5744,150.7967,79.77,80.0,100.0,3.2,PG
elblag,54.1522,19.4088,70.97,66.0,33.0,8.77,PL
staffanstorp,55.6428,13.2064,73.09,56.0,0.0,5.99,SE
new norfolk,-42.7826,147.0587,49.91,79.0,97.0,7.0,AU
gravdal,68.1214,13.5031,48.09,81.0,75.0,16.11,NO
bud,39.447,-86.1758,82.49,58.0,0.0,7.56,US
torbay,47.6666,-52.7314,74.75,69.0,83.0,1.99,CA
constitucion,-35.3333,-72.4167,59.88,39.0,26.0,7.2,CL
isla mujeres,21.2311,-86.731,85.12,67.0,11.0,8.55,MX
santiago del estero,-27.7951,-64.2615,60.8,19.0,95.0,11.05,AR
samoded,63.6083,40.5111,59.74,66.0,62.0,3.98,RU
motatei,44.0833,23.2,85.62,86.0,81.0,12.06,RO
namibe,-15.1961,12.1522,66.7,88.0,23.0,8.63,AO
provideniya,64.3833,-173.3,48.6,97.0,100.0,5.64,RU
bambous virieux,-20.3428,57.7575,70.21,76.0,47.0,21.72,MU
kalmunai,7.4167,81.8167,83.12,71.0,98.0,2.21,LK
birao,10.2849,22.7882,75.7,83.0,99.0,5.44,CF
minas novas,-17.2186,-42.5903,93.58,21.0,0.0,1.34,BR
puerto colombia,10.9878,-74.9547,83.55,73.0,75.0,18.37,CO
provost,52.3501,-110.2683,73.42,48.0,1.0,10.04,CA
port elizabeth,-33.918,25.5701,60.1,76.0,7.0,15.55,ZA
ixtapa,20.7,-105.2,88.83,62.0,20.0,0.0,MX
alakurtti,66.9672,30.3491,54.63,57.0,94.0,9.22,RU
conde,-7.2597,-34.9075,79.92,71.0,43.0,15.35,BR
pokaran,26.9167,71.9167,88.48,63.0,100.0,22.37,IN
comodoro rivadavia,-45.8667,-67.5,53.49,56.0,100.0,8.9,AR
sitka,57.0531,-135.33,58.89,77.0,20.0,4.61,US
isangel,-19.55,169.2667,73.15,89.0,30.0,7.31,VU
aksu,41.1231,80.2644,73.42,53.0,84.0,6.71,CN
skjervoy,70.0311,20.9714,50.0,77.0,97.0,35.23,NO
barbacena,-21.2258,-43.7736,65.61,16.0,0.0,12.39,BR
hirado,33.3597,129.5531,75.38,79.0,89.0,4.27,JP
gornoye loo,43.7129,39.6049,82.18,75.0,0.0,5.3,RU
bowen,-20.0167,148.2333,60.71,85.0,7.0,5.44,AU
hirara,24.8,125.2833,83.8,79.0,39.0,18.61,JP
taoudenni,22.6783,-3.9836,119.21,5.0,67.0,4.32,ML
chicama,-7.8447,-79.1469,72.54,63.0,35.0,9.62,PE
ranong,9.9658,98.6348,80.28,87.0,100.0,13.96,TH
esperance,-33.8667,121.9,56.46,78.0,99.0,9.19,AU
safranbolu,41.2508,32.6942,79.3,73.0,47.0,4.0,TR
cidreira,-30.1811,-50.2056,54.81,66.0,68.0,20.85,BR
atar,20.5169,-13.0499,114.01,7.0,75.0,17.18,MR
taltal,-25.4,-70.4833,65.66,62.0,79.0,5.28,CL
marystown,47.1666,-55.1483,67.06,62.0,99.0,5.86,CA
copperas cove,31.1241,-97.9031,91.94,66.0,75.0,5.75,US
storforshei,66.4043,14.5233,49.78,87.0,75.0,10.36,NO
clyde river,70.4692,-68.5914,38.71,64.0,100.0,2.08,CA
east london,-33.0153,27.9116,67.66,35.0,0.0,5.12,ZA
saint-raymond,45.467,-73.6095,86.09,61.0,66.0,7.23,CA
uruzgan,32.8333,66.0,84.52,20.0,1.0,3.38,AF
qiongshan,20.0058,110.3542,82.74,77.0,100.0,4.43,CN
nakhon phanom,17.3333,104.4167,75.42,90.0,100.0,7.29,TH
port-gentil,-0.7193,8.7815,74.59,79.0,18.0,14.5,GA
marcona,,,,,,,
bathsheba,13.2167,-59.5167,83.3,71.0,68.0,19.98,BB
kerouane,9.2667,-9.0167,80.17,80.0,95.0,1.48,GN
kracheh,,,,,,,
abnub,27.2696,31.1511,100.87,13.0,0.0,10.29,EG
charkhi dadri,28.6,76.2667,80.62,86.0,100.0,1.79,IN
augusto correa,-1.0217,-46.635,84.97,70.0,66.0,5.12,BR
bria,6.5423,21.9863,71.17,92.0,86.0,1.74,CF
port macquarie,-31.4333,152.9167,40.89,72.0,8.0,6.49,AU
merauke,-8.4667,140.3333,75.7,84.0,63.0,12.28,ID
lima,-12.0432,-77.0282,65.89,81.0,35.0,11.07,PE
viedma,-40.8135,-62.9967,59.97,20.0,55.0,15.66,AR
caravelas,-17.7125,-39.2481,81.14,60.0,1.0,10.11,BR
kruisfontein,-34.0033,24.7314,57.88,86.0,24.0,10.54,ZA
kaili,-3.4626,120.2147,67.03,90.0,72.0,2.46,ID
najran,17.4924,44.1277,82.15,44.0,100.0,10.98,SA
geraldton,-28.7667,114.6,57.61,88.0,90.0,13.8,AU
ban nahin,18.2418,104.2122,75.22,98.0,100.0,2.91,LA
nizhneyansk,,,,,,,
tungkang,,,,,,,
pacific grove,36.6177,-121.9166,82.17,88.0,40.0,3.0,US
bethel,41.3712,-73.414,76.28,79.0,90.0,6.91,US
roald,62.5833,6.1333,62.11,82.0,75.0,18.41,NO
zaoyang,32.1272,112.7542,74.44,96.0,100.0,1.48,CN
moerai,-22.4333,-151.3333,74.7,84.0,95.0,26.71,PF
yeletskiy,,,,,,,
bloomsburg,41.0037,-76.4549,85.95,69.0,4.0,3.85,US
otane,-39.8833,176.6333,42.39,95.0,76.0,3.0,NZ
kegayli,,,,,,,
saint anthony,45.0205,-93.218,87.89,47.0,1.0,1.99,US
ossora,59.2353,163.0719,58.17,77.0,96.0,6.58,RU
ilhabela,-23.7781,-45.3581,67.39,45.0,48.0,11.52,BR
tiksi,71.6872,128.8694,52.92,92.0,82.0,10.58,RU
codrington,-38.2667,141.9667,51.58,90.0,98.0,16.49,AU
boundiali,9.5217,-6.4869,84.58,63.0,89.0,4.32,CI
lingao,19.9103,109.6859,82.69,81.0,99.0,6.2,CN
antropovo,58.3988,43.0066,73.42,67.0,93.0,4.7,RU
katsuura,35.1333,140.3,81.1,88.0,0.0,6.06,JP
campbell river,50.0163,-125.2446,69.26,64.0,4.0,2.57,CA
camacha,33.0833,-16.3333,75.52,64.0,75.0,10.36,PT
tautira,-17.7333,-149.15,71.62,80.0,100.0,23.89,PF
beringovskiy,63.05,179.3167,45.45,98.0,100.0,4.99,RU
klaksvik,62.2266,-6.589,52.72,91.0,90.0,16.44,FO
ottersberg,53.1,9.15,66.18,70.0,84.0,9.48,DE
georgetown,5.4112,100.3354,82.89,69.0,20.0,0.0,MY
kropotkin,45.4375,40.5756,88.75,35.0,0.0,4.72,RU
evensk,61.95,159.2333,52.66,74.0,92.0,9.62,RU
cahuacan,19.6392,-99.4161,63.32,53.0,26.0,4.36,MX
rocha,-34.4833,-54.3333,53.35,65.0,72.0,14.16,UY
faanui,-16.4833,-151.75,79.45,73.0,93.0,24.65,PF
bodmin,50.4715,-4.7243,82.36,54.0,0.0,9.22,GB
banda aceh,5.5577,95.3222,80.17,78.0,100.0,13.06,ID
gimli,50.6336,-96.9907,69.42,66.0,42.0,13.8,CA
sinnamary,5.3833,-52.95,80.62,83.0,56.0,9.4,GF
beloha,-25.1667,45.05,69.35,74.0,72.0,8.1,MG
tacuati,-23.45,-56.5833,60.64,26.0,100.0,4.5,PY
erzin,36.9559,36.2,84.92,70.0,0.0,6.82,TR
moranbah,-22.0016,148.0466,53.76,48.0,1.0,4.23,AU
yumen,40.2833,97.2,81.48,29.0,18.0,12.24,CN
kutum,14.2,24.6667,83.43,36.0,83.0,1.79,SD
inuvik,68.3499,-133.7218,63.75,61.0,100.0,10.36,CA
rena,61.1348,11.3641,70.83,46.0,91.0,5.5,NO
borlange,,,,,,,
botwood,49.1499,-55.3482,84.9,31.0,100.0,6.24,CA
asau,46.4333,26.4,70.75,95.0,69.0,2.77,RO
idrinskoye,54.3708,92.1358,59.02,93.0,100.0,1.68,RU
nikolskoye,59.7035,30.7861,69.69,54.0,0.0,7.36,RU
areosa,41.7178,-8.8571,77.31,78.0,8.0,10.71,PT
alekseyevka,50.6309,38.6903,82.18,57.0,0.0,7.23,RU
saint george,37.1041,-113.5841,88.27,42.0,1.0,0.0,US
mersing,2.4312,103.8405,78.17,86.0,98.0,5.99,MY
westport,41.1415,-73.3579,78.28,74.0,90.0,1.01,US
la primavera,5.4906,-70.4092,73.76,92.0,100.0,6.69,CO
suao,,,,,,,
grand-santi,4.25,-54.3833,93.97,41.0,3.0,1.99,GF
coroiesti,46.25,27.4833,73.42,51.0,75.0,4.74,RO
istok,42.7808,20.4875,74.32,79.0,89.0,4.63,XK
pisco,-13.7,-76.2167,66.02,77.0,20.0,11.5,PE
jacksonville,30.3322,-81.6556,93.42,62.0,75.0,9.22,US
palmer,42.1584,-72.3287,74.07,77.0,90.0,1.01,US
yirol,,,,,,,
bengkulu,-3.8004,102.2655,75.79,90.0,84.0,5.93,ID
yavatmal,20.4,78.1333,84.4,66.0,99.0,8.93,IN
te anau,-45.4167,167.7167,35.89,93.0,42.0,0.63,NZ
ust-maya,60.4167,134.5333,61.95,69.0,68.0,3.13,RU
faya,18.3851,42.4509,67.14,60.0,97.0,5.68,SA
nurota,40.5614,65.6886,86.09,15.0,16.0,7.63,UZ
tshikapa,-6.4167,20.8,81.93,22.0,42.0,3.2,CD
samusu,,,,,,,
mackay,-21.15,149.2,54.05,78.0,1.0,4.88,AU
cockburn town,21.4612,-71.1419,84.16,74.0,40.0,13.8,TC
tosya,41.0155,34.0401,85.59,37.0,25.0,4.0,TR
rafraf,37.1904,10.1837,84.51,77.0,0.0,18.16,TN
vila velha,-20.3297,-40.2925,76.96,72.0,68.0,12.46,BR
dianopolis,,,,,,,
basco,20.4487,121.9702,79.56,90.0,100.0,18.43,PH
kyaikto,17.3,97.0167,76.15,92.0,100.0,10.49,MM
roma,43.2128,-75.4557,82.85,66.0,1.0,9.22,US
kaeo,-35.1,173.7833,46.33,96.0,17.0,4.63,NZ
umm kaddadah,13.6017,26.6876,91.9,31.0,50.0,3.09,SD
ostrovnoy,68.0531,39.5131,52.99,75.0,96.0,8.37,RU
saint-joseph,-21.3667,55.6167,70.18,78.0,25.0,17.0,RE
general roca,-39.0333,-67.5833,54.0,18.0,98.0,9.69,AR
utraula,27.3167,82.4167,80.46,90.0,95.0,5.17,IN
labutta,,,,,,,
abu samrah,35.3029,37.1841,91.78,19.0,0.0,12.8,SY
one hundred mile house,,,,,,,
black river,18.0264,-77.8487,86.99,51.0,40.0,13.96,JM
andapa,-14.65,49.65,64.13,99.0,100.0,0.63,MG
mianyang,31.4593,104.7542,75.65,88.0,38.0,1.19,CN
cuamba,-14.8031,36.5372,69.13,52.0,98.0,4.07,MZ
ulladulla,-35.35,150.4667,50.09,63.0,4.0,12.71,AU
smithers,54.7804,-127.1743,61.99,68.0,91.0,2.42,CA
sao luis do quitunde,-9.3183,-35.5611,80.04,81.0,53.0,7.83,BR
mollendo,-17.0231,-72.0147,63.9,75.0,50.0,8.43,PE
gigmoto,13.7796,124.39,81.68,83.0,100.0,11.32,PH
komsomolskiy,40.4272,71.7189,86.72,30.0,100.0,0.0,UZ
hedaru,-4.5,37.9,71.11,53.0,94.0,6.69,TZ
waddan,29.1614,16.139,92.08,22.0,0.0,11.03,LY
scarborough,54.2797,-0.4044,78.62,78.0,83.0,4.0,GB
kavaratti,10.5669,72.642,82.29,78.0,100.0,16.06,IN
nuuk,64.1835,-51.7216,47.01,76.0,75.0,21.85,GL
moyale,3.5167,39.0584,69.55,52.0,87.0,6.04,KE
naryan-mar,67.6713,53.087,57.54,90.0,99.0,4.38,RU
middle island,40.8843,-72.9373,77.99,78.0,90.0,1.99,US
liwale,-9.7667,37.9333,73.81,45.0,70.0,6.62,TZ
cordoba,-31.4135,-64.1811,66.42,19.0,0.0,3.0,AR
hay river,60.8156,-115.7999,63.27,59.0,55.0,3.78,CA
zyryanka,65.75,150.85,52.2,53.0,98.0,10.85,RU
piacabucu,-10.4056,-36.4344,78.93,76.0,22.0,9.48,BR
rafaela,-31.2503,-61.4867,64.06,26.0,0.0,1.99,AR
otuzco,-7.9,-78.5833,32.32,34.0,0.0,2.37,PE
port blair,11.6667,92.75,81.18,85.0,100.0,18.05,IN
elbrus,43.2577,42.6443,60.91,72.0,18.0,2.86,RU
salinas,36.6777,-121.6555,82.58,72.0,40.0,5.75,US
pirgos,35.1167,25.7178,80.28,70.0,9.0,4.74,GR
hasaki,35.7333,140.8333,73.8,91.0,0.0,6.71,JP
almiros,,,,,,,
bela,25.9333,81.9833,83.86,76.0,100.0,4.43,IN
nemuro,43.3236,145.575,61.29,99.0,98.0,2.01,JP
xiongyue,40.1774,122.1228,73.13,93.0,53.0,7.29,CN
anadyr,64.75,177.4833,47.21,96.0,100.0,2.35,RU
pella,59.7775,30.8181,69.85,55.0,1.0,7.65,RU
dharchula,29.85,80.5333,72.88,94.0,100.0,1.86,IN
cranbrook,49.4999,-115.7688,81.3,23.0,1.0,2.73,CA
winnemucca,40.973,-117.7357,84.25,26.0,75.0,0.0,US
bourail,-21.5667,165.4833,67.55,84.0,100.0,4.12,NC
el fuerte,26.4189,-108.6194,90.18,49.0,90.0,1.21,MX
ballater,57.0493,-3.0402,71.82,73.0,99.0,2.17,GB
huamuxtitlan,17.8167,-98.5667,81.7,56.0,8.0,3.02,MX
wahiawa,21.5028,-158.0236,71.92,90.0,90.0,4.61,US
ciudad bolivar,8.1222,-63.5497,88.86,55.0,54.0,8.37,VE
batagay-alyta,67.8006,130.4114,54.61,77.0,100.0,5.68,RU
sigulda,57.1519,24.8647,67.77,60.0,13.0,5.99,LV
talara,-4.5772,-81.2719,75.96,69.0,40.0,11.5,PE
necochea,-38.5473,-58.7368,58.03,39.0,91.0,10.4,AR
novyy urengoy,66.0833,76.6333,55.31,75.0,83.0,9.06,RU
shimoda,34.6667,138.95,76.1,90.0,7.0,5.55,JP
cavalcante,-13.7975,-47.4583,87.84,22.0,0.0,6.96,BR
mareeba,-17.0,145.4333,67.48,91.0,90.0,2.15,AU
kavali,14.9167,79.9833,84.47,64.0,22.0,13.09,IN
sinor,21.9167,73.3333,82.42,78.0,100.0,13.18,IN
ozernovskiy,51.5,156.5167,50.07,99.0,100.0,3.56,RU
kells,53.7264,-6.8792,78.13,72.0,29.0,8.68,IE
souillac,-20.5167,57.5167,70.36,79.0,40.0,20.58,MU
kotido,2.9806,34.1331,68.95,67.0,90.0,6.8,UG
atasu,48.6814,71.6433,76.28,37.0,19.0,8.84,KZ
aklavik,68.2191,-135.0107,64.02,62.0,100.0,10.94,CA
sechura,-5.5569,-80.8222,74.01,63.0,6.0,8.25,PE
half moon bay,37.4636,-122.4286,84.79,69.0,40.0,1.01,US
laguna,38.421,-121.4238,94.84,35.0,1.0,1.99,US
hami,42.8,93.45,87.26,17.0,88.0,5.84,CN
fort nelson,58.8053,-122.7002,64.49,55.0,33.0,2.46,CA
tabiauea,,,,,,,
guarapari,-20.6667,-40.4975,76.91,79.0,99.0,10.49,BR
neiafu,-18.65,-173.9833,74.08,94.0,40.0,0.0,TO
abdulino,53.7,53.6667,75.67,54.0,74.0,7.4,RU
coachella,33.6803,-116.1739,103.44,26.0,1.0,4.0,US
menongue,-14.6585,17.691,63.99,31.0,5.0,4.99,AO
san policarpo,12.1791,125.5072,79.5,86.0,100.0,7.09,PH
warrnambool,-38.3833,142.4833,51.82,85.0,95.0,19.77,AU
gomel,52.4345,30.9754,78.78,61.0,75.0,11.18,BY
acapulco,16.8634,-99.8901,89.42,58.0,20.0,8.05,MX
mayo,38.8876,-76.5119,89.08,62.0,1.0,5.01,US
khonuu,,,,,,,
ruteng,-8.6136,120.4721,59.81,88.0,31.0,1.05,ID
bornem,51.0971,4.2419,79.05,61.0,20.0,5.75,BE
agadir,30.4202,-9.5982,88.25,27.0,1.0,10.6,MA
chitrakonda,18.1167,82.0833,76.66,88.0,89.0,3.02,IN
hervey bay,-25.2986,152.8535,53.02,64.0,0.0,1.01,AU
leningradskiy,69.3833,178.4167,38.73,92.0,100.0,0.67,RU
luderitz,-26.6481,15.1594,62.19,67.0,3.0,10.2,NA
coquimbo,-29.9533,-71.3436,53.33,76.0,40.0,12.66,CL
dingle,10.9995,122.6711,77.09,90.0,100.0,6.64,PH
galle,6.0367,80.217,80.83,83.0,95.0,14.41,LK
marovoay,-16.1,46.6333,77.36,57.0,97.0,9.15,MG
mehamn,71.0357,27.8492,48.38,80.0,94.0,21.23,NO
ntoum,0.3833,9.7833,78.57,68.0,60.0,9.33,GA
takoradi,4.8845,-1.7554,76.53,81.0,100.0,9.04,GH
kisangani,0.5167,25.2,74.73,69.0,100.0,2.37,CD
lavrentiya,65.5833,-171.0,45.23,99.0,100.0,5.84,RU
gornopravdinsk,60.05,69.9,59.22,87.0,33.0,5.55,RU
saint-leu,-21.15,55.2833,70.66,71.0,17.0,5.59,RE
malaya vishera,58.8454,32.2222,67.44,52.0,6.0,5.14,RU
meiktila,20.8667,95.8667,77.92,87.0,100.0,14.09,MM
pilar do sul,-23.8131,-47.7164,63.28,26.0,26.0,4.03,BR
kittery,43.0881,-70.7362,71.02,91.0,90.0,1.01,US
nouakchott,18.0858,-15.9785,80.53,78.0,73.0,16.62,MR
lac du bonnet,50.2536,-96.0612,80.69,44.0,24.0,8.5,CA
manaure,11.7751,-72.4445,90.79,49.0,1.0,24.4,CO
moron,-34.6534,-58.6198,55.83,56.0,36.0,4.0,AR
touros,-5.1989,-35.4608,83.3,64.0,42.0,15.08,BR
bilma,18.6853,12.9164,104.43,13.0,24.0,2.8,NE
devils lake,48.1128,-98.8651,94.84,30.0,59.0,5.59,US
xiaoyi,34.6178,109.703,76.06,81.0,90.0,6.04,CN
bhairab bazar,24.0667,90.9667,82.45,95.0,100.0,5.86,BD
amahai,-3.3333,128.9167,76.59,90.0,97.0,1.95,ID
warmbad,-28.45,18.7333,63.64,19.0,2.0,6.85,NA
heihe,50.2441,127.4902,70.59,95.0,62.0,6.42,CN
hun,29.1268,15.9477,92.08,22.0,0.0,11.27,LY
bulungu,-4.55,18.6,84.29,20.0,49.0,1.95,CD
urzhum,57.1141,49.9996,72.91,58.0,31.0,6.08,RU
xapuri,-10.6517,-68.5044,82.9,32.0,37.0,6.51,BR
wonji,,,,,,,
daru,-9.0763,143.2092,77.09,84.0,100.0,15.3,PG
omboue,-1.5746,9.2618,74.43,75.0,13.0,11.43,GA
eureka,40.8021,-124.1637,56.93,89.0,46.0,3.0,US
bouar,5.934,15.596,68.74,91.0,55.0,2.91,CF
nhulunbuy,-12.2333,136.7667,74.01,83.0,17.0,5.75,AU
marzuq,14.4,46.4667,80.28,62.0,86.0,8.5,YE
viseu,40.661,-7.9097,77.86,41.0,0.0,10.47,PT
honiara,-9.4333,159.95,74.46,83.0,92.0,5.14,SB
palabuhanratu,,,,,,,
namatanai,-3.6667,152.4333,77.88,84.0,100.0,4.43,PG
ekhabi,53.5102,142.9671,53.33,91.0,1.0,7.54,RU
vanimo,-2.6741,141.3028,77.59,87.0,59.0,0.89,PG
severnyy,50.677,36.5532,84.24,51.0,40.0,8.95,RU
tura,25.5198,90.2201,75.33,91.0,100.0,4.97,IN
teguldet,57.3064,88.1667,57.92,84.0,70.0,2.48,RU
baherden,38.4362,57.4316,91.17,13.0,2.0,3.09,TM
port lincoln,-34.7333,135.8667,55.74,81.0,100.0,17.76,AU
ofunato,39.0717,141.7167,74.05,85.0,54.0,3.56,JP
zhigansk,66.7697,123.3711,59.61,67.0,82.0,12.33,RU
linqing,36.8456,115.7117,76.64,83.0,100.0,5.37,CN
lovozero,68.005,35.0117,55.31,63.0,93.0,7.54,RU
los llanos de aridane,28.6585,-17.9182,71.35,73.0,20.0,14.97,ES
puerto escondido,15.85,-97.0667,88.63,58.0,40.0,4.61,MX
maniitsoq,65.4167,-52.9,41.88,89.0,100.0,22.08,GL
maghama,,,,,,,
kidal,18.4411,1.4078,109.45,10.0,99.0,6.4,ML
praia,14.9215,-23.5087,82.94,69.0,40.0,8.05,CV
bredy,52.4153,60.3411,68.25,62.0,34.0,6.64,RU
chopovychi,50.8332,28.9533,72.27,84.0,94.0,9.6,UA
west melbourne,28.0717,-80.6534,93.97,68.0,40.0,12.66,US
sept-iles,50.2001,-66.3821,69.26,74.0,80.0,7.0,CA
sao filipe,14.8961,-24.4956,75.56,83.0,23.0,9.08,CV
mocambique,,,,,,,
karratha,-20.7377,116.8463,68.68,71.0,59.0,0.56,AU
dunda,-8.1167,34.25,66.81,43.0,1.0,7.9,TZ
igrim,63.1906,64.4162,66.76,52.0,92.0,4.63,RU
mizan teferi,6.9833,35.5833,61.88,98.0,76.0,1.32,ET
adwa,14.1646,38.8955,65.97,76.0,85.0,10.47,ET
berdigestyakh,62.0989,126.6992,62.82,97.0,93.0,5.59,RU
verkhnyaya inta,65.9811,60.3094,65.59,58.0,46.0,10.71,RU
buraydah,26.326,43.975,101.3,12.0,11.0,9.75,SA
carauari,-4.8828,-66.8958,90.68,42.0,3.0,5.55,BR
madingou,-4.1536,13.55,87.64,37.0,61.0,4.07,CG
deputatskiy,69.3,139.9,50.36,92.0,100.0,3.29,RU
sarangani,5.4033,125.4636,84.07,75.0,99.0,10.04,PH
carbonia,39.1672,8.5222,79.84,47.0,13.0,11.07,IT
solnechnyy,50.7214,136.6319,67.77,74.0,100.0,2.55,RU
ziyang,29.2497,117.8547,75.07,92.0,82.0,4.12,CN
ouadda,8.0777,22.4007,69.67,96.0,88.0,3.76,CF
arlit,18.7369,7.3853,106.52,13.0,99.0,3.78,NE
hjelset,62.7833,7.4833,63.3,58.0,75.0,24.16,NO
sosnogorsk,63.6023,53.8817,70.3,47.0,29.0,8.68,RU
nadym,65.5333,72.5167,58.82,64.0,30.0,6.55,RU
da lat,11.9465,108.4419,60.12,97.0,100.0,7.52,VN
antofagasta,-23.65,-70.4,65.21,56.0,96.0,7.54,CL
khowst,33.3833,69.8833,76.12,83.0,76.0,7.85,AF
chapais,49.7834,-74.8492,74.08,42.0,36.0,9.53,CA
ucluelet,48.9329,-125.5528,58.08,92.0,0.0,1.01,CA
toliary,,,,,,,
prince rupert,54.3161,-130.3201,58.42,75.0,100.0,1.83,CA
kununurra,-15.7667,128.7333,55.38,82.0,82.0,0.0,AU
burdeos,14.8436,121.9697,80.96,79.0,100.0,8.99,PH
biloela,-24.4167,150.5,49.19,55.0,0.0,3.53,AU
maryville,35.7565,-83.9705,83.26,81.0,90.0,1.01,US
svetlyy,54.675,20.1347,71.65,71.0,0.0,10.0,RU
okulovka,58.4008,33.2908,66.9,54.0,35.0,4.94,RU
saint-prosper,46.2117,-70.4811,73.69,69.0,100.0,3.94,CA
ghanzi,-21.5667,21.7833,55.18,29.0,0.0,7.45,BW
benguela,-12.5763,13.4055,71.2,80.0,99.0,4.45,AO
valparaiso,-33.0393,-71.6273,64.63,53.0,0.0,6.91,CL
tombouctou,20.0,-3.0,115.36,6.0,71.0,3.8,ML
yhu,-25.05,-55.9167,58.75,25.0,75.0,3.42,PY
fenoarivo,-18.933,47.4354,60.87,77.0,75.0,10.36,MG
mamallapuram,12.6264,80.1722,80.65,67.0,100.0,10.85,IN
teya,60.3778,92.6267,52.65,94.0,21.0,5.28,RU
bani walid,31.7566,13.9942,89.96,27.0,0.0,16.55,LY
charlottesville,38.0293,-78.4767,89.33,50.0,1.0,1.99,US
biak,-0.9131,122.8766,75.15,78.0,76.0,6.38,ID
puerto carreno,6.189,-67.4859,76.91,86.0,100.0,6.42,CO
fereydunshahr,32.941,50.121,68.74,40.0,77.0,7.52,IR
aljezur,37.3191,-8.8033,68.81,71.0,2.0,16.22,PT
gherghesti,46.5,27.5167,72.48,57.0,82.0,7.45,RO
fairview,40.8126,-73.999,82.08,79.0,90.0,6.91,US
turinsk,58.0458,63.696,63.88,74.0,76.0,2.21,RU
muroto,33.2833,134.15,77.36,86.0,79.0,8.34,JP
jabiru,,,,,,,
warqla,,,,,,,
gobabis,-22.45,18.9667,52.88,30.0,0.0,3.76,NA
adrar,20.5022,-10.0711,111.18,8.0,17.0,5.5,MR
nelson bay,-32.7167,152.15,49.08,83.0,41.0,1.01,AU
tazovskiy,67.4667,78.7,47.62,66.0,26.0,6.15,RU
porbandar,21.6422,69.6093,83.21,80.0,100.0,22.88,IN
tiarei,-17.5333,-149.3333,71.62,79.0,100.0,24.49,PF
asadabad,34.7824,48.1185,82.94,26.0,70.0,8.48,IR
manggar,-2.8833,108.2667,80.6,82.0,54.0,8.32,ID
moanda,-1.5575,13.2178,84.85,43.0,100.0,3.53,GA
vanderhoof,54.0166,-124.0198,67.62,52.0,41.0,2.1,CA
vestmannaeyjar,63.4427,-20.2734,52.93,88.0,63.0,17.74,IS
marsala,37.7966,12.4352,80.01,76.0,0.0,13.51,IT
manaus,-3.1019,-60.025,90.1,66.0,40.0,3.44,BR
bambanglipuro,-7.95,110.2833,75.96,88.0,17.0,5.41,ID
erenhot,43.6475,111.9767,82.85,35.0,7.0,10.4,CN
shchelyayur,,,,,,,
grindavik,63.8424,-22.4338,53.56,87.0,75.0,8.05,IS
genteng,-8.3667,114.15,73.06,90.0,80.0,1.01,ID
yanchukan,,,,,,,
waipawa,-41.4122,175.5153,47.03,90.0,83.0,1.95,NZ
mattawa,46.7379,-119.9028,89.02,23.0,3.0,1.52,US
yelizovo,53.1873,158.3805,53.06,99.0,100.0,0.85,RU
ilebo,-4.3167,20.5833,82.38,26.0,32.0,1.25,CD
huarmey,-10.0681,-78.1522,69.94,67.0,36.0,10.83,PE
zorritos,-3.6805,-80.6782,71.89,74.0,18.0,9.84,PE
richards bay,-28.783,32.0377,63.41,66.0,0.0,12.44,ZA
santa maria,-29.6842,-53.8069,53.64,58.0,0.0,9.46,BR
san juan,-31.5375,-68.5364,60.06,20.0,0.0,3.85,AR
esfarayen,37.0765,57.5101,80.55,16.0,0.0,12.35,IR
isla vista,34.4133,-119.861,97.12,69.0,1.0,5.75,US
warin chamrap,15.1932,104.8628,75.88,88.0,100.0,11.03,TH
hofn,64.2539,-15.2082,59.02,67.0,20.0,9.22,IS
